"10";"Koneru Sasidhar";"sasidharkoneru2.2@gmail.com";"rhfg";"hfgh";"2024-12-26 15:40:48";"pending";"1989.96"
"16";"sasi";"sasidharkoneru2.2@gmail.com";"rhfg";"hfghgg";"2024-12-26 15:49:01";"pending";"0.00"
"17";"Koneru Sasidhar";"sasidharkoneru2.2@gmail.com";"rhfg";"hfgh1";"2024-12-26 15:58:59";"pending";"779.95"
"18";"Koneru Sasidhar";"sasidharkoneru2.2@gmail.com";"rhfg";"hfgh12";"2024-12-26 16:06:17";"pending";"789.98"
"19";"Koneru Sasidhar";"sasidharkoneru2.2@gmail.com";"rhfg";"hfgh123";"2024-12-26 16:09:12";"pending";"0.00"
"20";"Koneru Sasidhar";"sasidharkoneru2.2@gmail.com";"rhfg";"hfgh1234";"2024-12-26 16:10:31";"pending";"0.00"
"21";"Koneru Sasidhar";"sasidharkoneru2.2@gmail.com";"rhfg";"hfgh12345";"2024-12-26 16:11:55";"pending";"0.00"
"22";"Koneru Sasidhar";"sasidharkoneru2.2@gmail.com";"rhfg";"hfgh67";"2024-12-26 16:17:05";"pending";"199.99"
"23";"Koneru Sasidhar";"sasidharkoneru2.2@gmail.com";"rhfg";"hfgh898";"2024-12-26 16:18:18";"pending";"199.99"
"24";"Koneru Sasidhar";"sasidharkoneru2.2@gmail.com";"rhfg";"hfgh909";"2024-12-26 16:19:29";"pending";"199.99"
"25";"Koneru Sasidhar";"sasidharkoneru2.2@gmail.com";"rhfg";"hfgh45364";"2024-12-26 16:51:10";"pending";"349.99"
"26";"Koneru Sasidhar";"sasidharkoneru2.2@gmail.com";"rhfg";"hfghesfd";"2024-12-26 16:54:00";"pending";"89.99"
"27";"Koneru Sasidhar";"sasidharkoneru2.2@gmail.com";"rhfg";"hfghfad";"2024-12-26 17:01:40";"pending";"89.99"
"28";"Koneru Sasidhar";"sasidharkoneru2.2@gmail.com";"rhfg";"hfghsf";"2024-12-26 17:03:09";"pending";"199.99"
"29";"Koneru Sasidhar";"sasidharkoneru2.2@gmail.com";"rhfg";"hfghaf";"2024-12-26 17:10:21";"pending";"89.99"
"30";"Koneru Sasidhar";"sasidharkoneru2.2@gmail.com";"rhfg";"hfgha";"2024-12-26 17:11:00";"pending";"699.99"
"31";"Koneru Sasidhar";"sasidharkoneru2.2@gmail.com";"rhfg";"hfghfh";"2024-12-26 17:11:54";"pending";"89.99"
"32";"Koneru Sasidhar";"sasidharkoneru2.2@gmail.com";"rhfg";"hfghF";"2024-12-26 17:13:18";"pending";"29.99"
"33";"Koneru Sasidhar";"sasidharkoneru2.2@gmail.com";"rhfg";"hfghFSA";"2024-12-26 17:15:44";"pending";"349.99"
"34";"Koneru Sasidhar";"sasidharkoneru2.2@gmail.com";"rhfg";"hfghdas";"2024-12-26 17:41:45";"pending";"789.98"
"36";"Koneru Sasidhar";"sasidharkoneru2.2@gmail.com";"rhfg";"hfghad";"2024-12-26 17:43:04";"pending";"699.99"
"37";"Koneru Sasidhar";"sasidharkoneru2.2@gmail.com";"rhfg";"hfghds";"2024-12-26 17:43:50";"pending";"999.95"
"38";"Koneru Sasidhar";"sasidharkoneru2.2@gmail.com";"rhfg";"hfghnv";"2024-12-26 18:35:59";"pending";"129.99"
"39";"Koneru Sasidhar";"sasidharkoneru2.2@gmail.com";"rhfg";"hfghfhf";"2024-12-26 18:39:44";"pending";"1069.96"
"40";"Koneru Sasidhar";"sasidharkoneru2.2@gmail.com";"rhfg";"hfghgfh";"2024-12-26 18:42:11";"completed";"7269.85"
"42";"Koneru Sasidhar";"sasidharkoneru2.2@gmail.com";"sdfa";"hfadgh";"2024-12-26 18:45:22";"completed";"699.99"
"44";"shahadiahdadh";"fdSD@gmail.com";"dfe";"fdes";"2024-12-27 11:20:35";"completed";"289.98"
"45";"Koneru Sasidhar";"sasidharkoneru2.2@gmail.com";"rhfg";"hfghkjk";"2024-12-27 12:07:06";"completed";"199.99"
"47";"Koneru Sasidhar";"sasidharkoneru2.2@gmail.com";"rhfg";"txr1240-9879853";"2024-12-27 12:19:21";"completed";"639.97"
"48";"Koneru Sasidhar";"sasidharkoneru2.2@gmail.com";"hf";"txr1240-98798531";"2024-12-27 12:26:18";"completed";"3519.92"
"49";"Koneru Sasidhar";"sasidharkoneru2.2@gmail.com";"rhfg";"trx 198798-98974987";"2024-12-27 12:38:04";"completed";"199.99"
